No.,Album,Released,Worldwide_Sales_Est,RIAA_Units,Grammy_Wins,Grammy_Nominations,Key_Awards_Summary,Lead_Singles,Producers,Creative_Background
1,Taylor Swift,2006-10-24,7000000,7× Platinum,0,1,"ACM, CMA, Billboard Music Awards","Tim McGraw; Teardrops on My Guitar; Our Song","Robert Ellis Orrall; Nathan Chapman","Country debut; teenage diary; Nashville breakthrough; youngest to write & perform #1 country hit"
2,Fearless,2008-11-11,12000000,10× Platinum,4,8,"Grammy AOTY, Best Country Album, CMA, ACM, AMAs","Love Story; White Horse; You Belong With Me","Nathan Chapman; Taylor Swift","First country album to win MTV VMA; fairy-tale romance; crossover pop success; historic Grammy night"
3,Speak Now,2010-10-25,5800000,6× Platinum,2,2,"Grammy (Mean x2), CMA, Billboard","Mine; Back To December; Mean; Sparks Fly","Nathan Chapman; Taylor Swift","All self-written; response to media criticism; heartbreak & growth; 'Mean' wins 2 Grammys"
4,Red,2012-10-22,6200000,7× Platinum,0,2,"AMAs, Billboard, CMA","We Are Never Ever Getting Back Together; Begin Again; I Knew You Were Trouble","Max Martin; Shellback; Nathan Chapman","Red era; messy love; synth-pop & country mix; All Too Well cultural phenomenon"
5,1989,2014-10-27,10500000,9× Platinum,3,7,"Grammy AOTY, Best Pop Vocal Album, AMAs, VMAs","Shake It Off; Blank Space; Style; Out of the Woods","Max Martin; Shellback; Jack Antonoff","Full pop shift; 80s synth-pop; NYC inspiration; first female to win AOTY twice"
6,reputation,2017-11-10,4500000,3× Platinum,0,1,"AMAs, Billboard, iHeartRadio","Look What You Made Me Do; ...Ready For It?; Delicate","Max Martin; Shellback; Jack Antonoff","Underground comeback; media backlash; dark electropop; love & fame narrative"
7,Lover,2019-08-23,3200000,2× Platinum,0,3,"AMAs, VMAs, iHeartRadio","ME!; You Need To Calm Down; Lover; The Man","Jack Antonoff; Joel Little; Taylor Swift","First Republic album; rainbow positivity; romantic joy; LGBTQ+ advocacy; retro pop"
8,folklore,2020-07-24,2800000,2× Platinum,2,5,"Grammy AOTY, Best Pop Vocal Album, Billboard","cardigan; exile; betty","Aaron Dessner; Jack Antonoff; Taylor Swift","Indie folk surprise; cottagecore; fictional storytelling; isolation writing; historic 3rd AOTY win"
9,evermore,2020-12-11,2200000,Platinum,0,1,"AMAs, Billboard, Critics’ Choice","willow; no body no crime; champagne problems","Aaron Dessner; Jack Antonoff; Taylor Swift","Folklore sister album; winter melancholy; character narratives; indie folk / alt rock"
10,Midnights,2022-10-21,4100000,3× Platinum,2,6,"Grammy, AMAs, VMAs, Billboard","Anti-Hero; Lavender Haze; Karma; Bejeweled","Jack Antonoff; Taylor Swift","Retro synth-pop; 13 sleepless nights; introspection & nostalgia; 10/10 Hot 100 Top 10 record"
11,THE TORTURED POETS DEPARTMENT,2024-04-19,3500000,1× Platinum,Pending,Pending,"Global debut records; streaming milestones","Fortnight (feat. Post Malone); Down Bad; I Can Do It With a Broken Heart","Jack Antonoff; Aaron Dessner; Taylor Swift","Dark academia; post-breakup grief; poetic vulnerability; Eras Tour fame pressure"
12,The Life of a Showgirl,2025-10-03,2900000,Platinum,Pending,Pending,"Eras Tour legacy; global pop impact; historic sales week","The Fate of Ophelia; Opalite; Elizabeth Taylor","Max Martin; Shellback; Taylor Swift","Eras Tour inspiration; showgirl glamour; joy & fame; Travis Kelce relationship; reunion with Max Martin"